{
  "n_windows": 261,
  "time_range": [
    "2017-05-22 07:15:35+00:00",
    "2017-05-22 09:25:35+00:00"
  ],
  "used_score_col": "score_cal",
  "used_band_col": "band_cal",
  "top_segments": [
    {
      "t_start": "2017-05-22 08:37:35+00:00",
      "t_end": "2017-05-22 08:41:05+00:00",
      "score_mean": 92.71238991152461,
      "major_band": "critical"
    },
    {
      "t_start": "2017-05-22 07:16:05+00:00",
      "t_end": "2017-05-22 07:19:05+00:00",
      "score_mean": 89.35767716535433,
      "major_band": "critical"
    },
    {
      "t_start": "2017-05-22 09:07:35+00:00",
      "t_end": "2017-05-22 09:09:05+00:00",
      "score_mean": 86.74803149606299,
      "major_band": "critical"
    },
    {
      "t_start": "2017-05-22 08:17:35+00:00",
      "t_end": "2017-05-22 08:19:35+00:00",
      "score_mean": 86.733474007901,
      "major_band": "critical"
    },
    {
      "t_start": "2017-05-22 07:35:35+00:00",
      "t_end": "2017-05-22 07:37:35+00:00",
      "score_mean": 86.4597278180075,
      "major_band": "critical"
    }
  ]
}