{
  "n_windows": 227,
  "time_range": [
    "2017-08-08 11:13:17+00:00",
    "2017-08-08 13:06:17+00:00"
  ],
  "used_score_col": "score_cal",
  "used_band_col": "band_cal",
  "top_segments": [
    {
      "t_start": "2017-08-08 12:31:17+00:00",
      "t_end": "2017-08-08 12:36:47+00:00",
      "score_mean": 93.75273760041343,
      "major_band": "critical"
    },
    {
      "t_start": "2017-08-08 12:28:17+00:00",
      "t_end": "2017-08-08 12:30:17+00:00",
      "score_mean": 92.1292047580389,
      "major_band": "critical"
    },
    {
      "t_start": "2017-08-08 12:39:17+00:00",
      "t_end": "2017-08-08 12:41:17+00:00",
      "score_mean": 89.39015565987786,
      "major_band": "critical"
    },
    {
      "t_start": "2017-08-08 11:30:47+00:00",
      "t_end": "2017-08-08 11:32:17+00:00",
      "score_mean": 86.11238572588331,
      "major_band": "critical"
    },
    {
      "t_start": "2017-08-08 12:45:47+00:00",
      "t_end": "2017-08-08 12:47:17+00:00",
      "score_mean": 85.53329391832268,
      "major_band": "critical"
    }
  ]
}