{
  "n_windows": 235,
  "time_range": [
    "2017-08-10 11:59:35+00:00",
    "2017-08-10 13:56:35+00:00"
  ],
  "used_score_col": "score_cal",
  "used_band_col": "band_cal",
  "top_segments": [
    {
      "t_start": "2017-08-10 12:51:05+00:00",
      "t_end": "2017-08-10 12:54:35+00:00",
      "score_mean": 93.47576057383132,
      "major_band": "critical"
    },
    {
      "t_start": "2017-08-10 13:02:35+00:00",
      "t_end": "2017-08-10 13:10:05+00:00",
      "score_mean": 92.61307104733858,
      "major_band": "critical"
    },
    {
      "t_start": "2017-08-10 13:12:35+00:00",
      "t_end": "2017-08-10 13:14:05+00:00",
      "score_mean": 87.37076428394761,
      "major_band": "critical"
    },
    {
      "t_start": "2017-08-10 12:00:35+00:00",
      "t_end": "2017-08-10 12:02:05+00:00",
      "score_mean": 85.9711157809916,
      "major_band": "critical"
    },
    {
      "t_start": "2017-08-10 13:42:05+00:00",
      "t_end": "2017-08-10 13:43:35+00:00",
      "score_mean": 84.59405236329496,
      "major_band": "critical"
    }
  ]
}