{
  "n_windows": 219,
  "time_range": [
    "2017-07-10 11:10:50+00:00",
    "2017-07-10 12:59:50+00:00"
  ],
  "used_score_col": "score_cal",
  "used_band_col": "band_cal",
  "top_segments": [
    {
      "t_start": "2017-07-10 11:11:20+00:00",
      "t_end": "2017-07-10 11:18:20+00:00",
      "score_mean": 92.6750677677008,
      "major_band": "critical"
    },
    {
      "t_start": "2017-07-10 11:20:50+00:00",
      "t_end": "2017-07-10 11:24:50+00:00",
      "score_mean": 89.7115581984272,
      "major_band": "critical"
    },
    {
      "t_start": "2017-07-10 11:28:50+00:00",
      "t_end": "2017-07-10 11:31:20+00:00",
      "score_mean": 86.1623441468249,
      "major_band": "critical"
    },
    {
      "t_start": "2017-07-10 12:37:20+00:00",
      "t_end": "2017-07-10 12:38:50+00:00",
      "score_mean": 84.38482070460432,
      "major_band": "critical"
    },
    {
      "t_start": "2017-07-10 11:18:20+00:00",
      "t_end": "2017-07-10 11:19:50+00:00",
      "score_mean": 83.36715936846875,
      "major_band": "critical"
    }
  ]
}