{
  "n_windows": 206,
  "time_range": [
    "2017-07-11 11:10:51+00:00",
    "2017-07-11 12:53:21+00:00"
  ],
  "used_score_col": "score_cal",
  "used_band_col": "band_cal",
  "top_segments": [
    {
      "t_start": "2017-07-11 12:40:21+00:00",
      "t_end": "2017-07-11 12:41:51+00:00",
      "score_mean": 99.34755200672413,
      "major_band": "critical"
    },
    {
      "t_start": "2017-07-11 11:11:21+00:00",
      "t_end": "2017-07-11 11:13:21+00:00",
      "score_mean": 96.95419205715488,
      "major_band": "critical"
    },
    {
      "t_start": "2017-07-11 11:13:21+00:00",
      "t_end": "2017-07-11 11:15:21+00:00",
      "score_mean": 94.1248161378441,
      "major_band": "critical"
    },
    {
      "t_start": "2017-07-11 11:52:51+00:00",
      "t_end": "2017-07-11 11:58:21+00:00",
      "score_mean": 86.99359801891077,
      "major_band": "critical"
    },
    {
      "t_start": "2017-07-11 12:01:21+00:00",
      "t_end": "2017-07-11 12:04:51+00:00",
      "score_mean": 86.10722759944092,
      "major_band": "critical"
    }
  ]
}