{
  "n_windows": 215,
  "time_range": [
    "2017-07-06 11:11:14+00:00",
    "2017-07-06 12:58:14+00:00"
  ],
  "used_score_col": "score_cal",
  "used_band_col": "band_cal",
  "top_segments": [
    {
      "t_start": "2017-07-06 12:22:14+00:00",
      "t_end": "2017-07-06 12:27:14+00:00",
      "score_mean": 91.58241068224923,
      "major_band": "critical"
    },
    {
      "t_start": "2017-07-06 12:18:44+00:00",
      "t_end": "2017-07-06 12:22:14+00:00",
      "score_mean": 90.9881054203576,
      "major_band": "critical"
    },
    {
      "t_start": "2017-07-06 12:37:14+00:00",
      "t_end": "2017-07-06 12:39:14+00:00",
      "score_mean": 88.27848685222209,
      "major_band": "critical"
    },
    {
      "t_start": "2017-07-06 11:12:44+00:00",
      "t_end": "2017-07-06 11:14:14+00:00",
      "score_mean": 86.36742028193875,
      "major_band": "critical"
    },
    {
      "t_start": "2017-07-06 12:17:14+00:00",
      "t_end": "2017-07-06 12:18:44+00:00",
      "score_mean": 84.89876353962988,
      "major_band": "critical"
    }
  ]
}