{
  "n_windows": 226,
  "time_range": [
    "2017-07-25 07:05:18+00:00",
    "2017-07-25 08:57:48+00:00"
  ],
  "used_score_col": "score_cal",
  "used_band_col": "band_cal",
  "top_segments": [
    {
      "t_start": "2017-07-25 08:54:48+00:00",
      "t_end": "2017-07-25 08:56:18+00:00",
      "score_mean": 94.23922231614537,
      "major_band": "critical"
    },
    {
      "t_start": "2017-07-25 08:47:18+00:00",
      "t_end": "2017-07-25 08:48:48+00:00",
      "score_mean": 89.65765004226543,
      "major_band": "critical"
    },
    {
      "t_start": "2017-07-25 08:20:48+00:00",
      "t_end": "2017-07-25 08:26:18+00:00",
      "score_mean": 89.36089009028092,
      "major_band": "critical"
    },
    {
      "t_start": "2017-07-25 07:15:18+00:00",
      "t_end": "2017-07-25 07:17:18+00:00",
      "score_mean": 88.57758021947494,
      "major_band": "critical"
    },
    {
      "t_start": "2017-07-25 08:56:48+00:00",
      "t_end": "2017-07-25 08:58:48+00:00",
      "score_mean": 86.8310322156476,
      "major_band": "critical"
    }
  ]
}