{
  "n_windows": 231,
  "time_range": [
    "2017-08-09 07:09:41+00:00",
    "2017-08-09 09:04:41+00:00"
  ],
  "used_score_col": "score_cal",
  "used_band_col": "band_cal",
  "top_segments": [
    {
      "t_start": "2017-08-09 08:03:11+00:00",
      "t_end": "2017-08-09 08:04:41+00:00",
      "score_mean": 97.82119205298014,
      "major_band": "critical"
    },
    {
      "t_start": "2017-08-09 08:15:11+00:00",
      "t_end": "2017-08-09 08:17:11+00:00",
      "score_mean": 93.2008830022075,
      "major_band": "critical"
    },
    {
      "t_start": "2017-08-09 08:52:11+00:00",
      "t_end": "2017-08-09 08:53:41+00:00",
      "score_mean": 92.71192052980132,
      "major_band": "critical"
    },
    {
      "t_start": "2017-08-09 07:59:41+00:00",
      "t_end": "2017-08-09 08:01:11+00:00",
      "score_mean": 90.6274834437086,
      "major_band": "critical"
    },
    {
      "t_start": "2017-08-09 08:09:41+00:00",
      "t_end": "2017-08-09 08:11:11+00:00",
      "score_mean": 89.43558198596442,
      "major_band": "critical"
    }
  ]
}