{
  "n_windows": 239,
  "time_range": [
    "2017-08-11 07:19:32+00:00",
    "2017-08-11 09:18:32+00:00"
  ],
  "used_score_col": "score_cal",
  "used_band_col": "band_cal",
  "top_segments": [
    {
      "t_start": "2017-08-11 07:32:02+00:00",
      "t_end": "2017-08-11 07:34:02+00:00",
      "score_mean": 94.84010881839646,
      "major_band": "critical"
    },
    {
      "t_start": "2017-08-11 08:47:02+00:00",
      "t_end": "2017-08-11 08:52:32+00:00",
      "score_mean": 90.6014988292202,
      "major_band": "critical"
    },
    {
      "t_start": "2017-08-11 08:34:02+00:00",
      "t_end": "2017-08-11 08:38:02+00:00",
      "score_mean": 88.49939243346374,
      "major_band": "critical"
    },
    {
      "t_start": "2017-08-11 08:30:32+00:00",
      "t_end": "2017-08-11 08:32:02+00:00",
      "score_mean": 87.15833846627656,
      "major_band": "critical"
    },
    {
      "t_start": "2017-08-11 07:40:32+00:00",
      "t_end": "2017-08-11 07:42:32+00:00",
      "score_mean": 86.47914498983592,
      "major_band": "critical"
    }
  ]
}