{
  "n_windows": 220,
  "time_range": [
    "2017-08-10 07:11:06+00:00",
    "2017-08-10 09:00:36+00:00"
  ],
  "used_score_col": "score_cal",
  "used_band_col": "band_cal",
  "top_segments": [
    {
      "t_start": "2017-08-10 08:58:36+00:00",
      "t_end": "2017-08-10 09:00:06+00:00",
      "score_mean": 97.37040323579183,
      "major_band": "critical"
    },
    {
      "t_start": "2017-08-10 08:23:36+00:00",
      "t_end": "2017-08-10 08:26:06+00:00",
      "score_mean": 89.24524689464823,
      "major_band": "critical"
    },
    {
      "t_start": "2017-08-10 08:39:36+00:00",
      "t_end": "2017-08-10 08:41:06+00:00",
      "score_mean": 86.19190845680797,
      "major_band": "critical"
    },
    {
      "t_start": "2017-08-10 07:11:36+00:00",
      "t_end": "2017-08-10 07:13:36+00:00",
      "score_mean": 86.15422087042278,
      "major_band": "critical"
    },
    {
      "t_start": "2017-08-10 08:26:06+00:00",
      "t_end": "2017-08-10 08:31:36+00:00",
      "score_mean": 85.86603404341798,
      "major_band": "critical"
    }
  ]
}