{
  "n_windows": 276,
  "time_range": [
    "2017-06-14 11:20:48+00:00",
    "2017-06-14 13:38:18+00:00"
  ],
  "used_score_col": "score_cal",
  "used_band_col": "band_cal",
  "top_segments": [
    {
      "t_start": "2017-06-14 11:32:48+00:00",
      "t_end": "2017-06-14 11:36:18+00:00",
      "score_mean": 90.60096612365707,
      "major_band": "critical"
    },
    {
      "t_start": "2017-06-14 11:38:48+00:00",
      "t_end": "2017-06-14 11:40:48+00:00",
      "score_mean": 89.13258439504365,
      "major_band": "critical"
    },
    {
      "t_start": "2017-06-14 11:21:48+00:00",
      "t_end": "2017-06-14 11:23:18+00:00",
      "score_mean": 88.23893948375274,
      "major_band": "critical"
    },
    {
      "t_start": "2017-06-14 11:43:48+00:00",
      "t_end": "2017-06-14 11:45:18+00:00",
      "score_mean": 87.35302042355985,
      "major_band": "critical"
    },
    {
      "t_start": "2017-06-14 12:19:18+00:00",
      "t_end": "2017-06-14 12:21:48+00:00",
      "score_mean": 86.72002381429722,
      "major_band": "critical"
    }
  ]
}