{
  "n_windows": 265,
  "time_range": [
    "2017-06-13 08:33:50+00:00",
    "2017-06-13 10:45:50+00:00"
  ],
  "used_score_col": "score_cal",
  "used_band_col": "band_cal",
  "top_segments": [
    {
      "t_start": "2017-06-13 08:34:50+00:00",
      "t_end": "2017-06-13 08:37:20+00:00",
      "score_mean": 94.59684994151037,
      "major_band": "critical"
    },
    {
      "t_start": "2017-06-13 10:03:50+00:00",
      "t_end": "2017-06-13 10:10:20+00:00",
      "score_mean": 93.50060551940958,
      "major_band": "critical"
    },
    {
      "t_start": "2017-06-13 09:53:20+00:00",
      "t_end": "2017-06-13 09:55:20+00:00",
      "score_mean": 89.18204355739663,
      "major_band": "critical"
    },
    {
      "t_start": "2017-06-13 08:37:50+00:00",
      "t_end": "2017-06-13 08:39:20+00:00",
      "score_mean": 89.00866126906422,
      "major_band": "critical"
    },
    {
      "t_start": "2017-06-13 10:17:50+00:00",
      "t_end": "2017-06-13 10:19:20+00:00",
      "score_mean": 87.26816983618906,
      "major_band": "critical"
    }
  ]
}