{
  "n_windows": 213,
  "time_range": [
    "2017-07-25 11:14:29+00:00",
    "2017-07-25 13:00:29+00:00"
  ],
  "used_score_col": "score_cal",
  "used_band_col": "band_cal",
  "top_segments": [
    {
      "t_start": "2017-07-25 11:16:59+00:00",
      "t_end": "2017-07-25 11:26:59+00:00",
      "score_mean": 92.53252040766588,
      "major_band": "critical"
    },
    {
      "t_start": "2017-07-25 11:28:29+00:00",
      "t_end": "2017-07-25 11:29:59+00:00",
      "score_mean": 87.5321800020595,
      "major_band": "critical"
    },
    {
      "t_start": "2017-07-25 11:14:59+00:00",
      "t_end": "2017-07-25 11:16:59+00:00",
      "score_mean": 87.39395989211869,
      "major_band": "critical"
    },
    {
      "t_start": "2017-07-25 11:33:29+00:00",
      "t_end": "2017-07-25 11:34:59+00:00",
      "score_mean": 82.78104391833689,
      "major_band": "critical"
    },
    {
      "t_start": "2017-07-25 12:07:59+00:00",
      "t_end": "2017-07-25 12:09:29+00:00",
      "score_mean": 81.12418380105584,
      "major_band": "critical"
    }
  ]
}