{
  "n_windows": 250,
  "time_range": [
    "2017-06-13 12:22:23+00:00",
    "2017-06-13 14:26:53+00:00"
  ],
  "used_score_col": "score_cal",
  "used_band_col": "band_cal",
  "top_segments": [
    {
      "t_start": "2017-06-13 14:22:53+00:00",
      "t_end": "2017-06-13 14:24:23+00:00",
      "score_mean": 95.5327772556391,
      "major_band": "critical"
    },
    {
      "t_start": "2017-06-13 14:12:53+00:00",
      "t_end": "2017-06-13 14:14:23+00:00",
      "score_mean": 93.48419877819549,
      "major_band": "critical"
    },
    {
      "t_start": "2017-06-13 13:58:23+00:00",
      "t_end": "2017-06-13 14:00:23+00:00",
      "score_mean": 92.82652764299871,
      "major_band": "critical"
    },
    {
      "t_start": "2017-06-13 13:42:53+00:00",
      "t_end": "2017-06-13 13:48:23+00:00",
      "score_mean": 92.35630379521916,
      "major_band": "critical"
    },
    {
      "t_start": "2017-06-13 14:00:23+00:00",
      "t_end": "2017-06-13 14:01:53+00:00",
      "score_mean": 92.03917998120303,
      "major_band": "critical"
    }
  ]
}