{
  "n_windows": 256,
  "time_range": [
    "2017-05-24 11:08:58+00:00",
    "2017-05-24 13:16:28+00:00"
  ],
  "used_score_col": "score_cal",
  "used_band_col": "band_cal",
  "top_segments": [
    {
      "t_start": "2017-05-24 12:49:58+00:00",
      "t_end": "2017-05-24 12:51:28+00:00",
      "score_mean": 91.7404001491239,
      "major_band": "critical"
    },
    {
      "t_start": "2017-05-24 12:04:58+00:00",
      "t_end": "2017-05-24 12:09:58+00:00",
      "score_mean": 91.35785592974608,
      "major_band": "critical"
    },
    {
      "t_start": "2017-05-24 11:09:28+00:00",
      "t_end": "2017-05-24 11:11:58+00:00",
      "score_mean": 88.63763310434396,
      "major_band": "critical"
    },
    {
      "t_start": "2017-05-24 11:26:28+00:00",
      "t_end": "2017-05-24 11:28:28+00:00",
      "score_mean": 88.46836303599208,
      "major_band": "critical"
    },
    {
      "t_start": "2017-05-24 11:28:28+00:00",
      "t_end": "2017-05-24 11:32:58+00:00",
      "score_mean": 86.62551813485913,
      "major_band": "critical"
    }
  ]
}